"source","term_name","term_id","highlighted","adjusted_p_value","negative_log10_of_adjusted_p_value","term_size","query_size","intersection_size","effective_domain_size","intersections"
"GO:MF","RNA helicase activity","GO:0003724","true","1.0527958794989636e-12","11.977655823496804","76","20","8","20208","DDX42,DDX5,DDX17,DDX23,DHX8,DHX15,DHX38,DHX16"
"GO:MF","ATP-dependent activity, acting on RNA","GO:0008186","false","1.3077429779947468e-12","11.883477603264833","78","20","8","20208","DDX42,DDX5,DDX17,DDX23,DHX8,DHX15,DHX38,DHX16"
"GO:MF","helicase activity","GO:0004386","false","5.265470618926501e-10","9.278562806231829","162","20","8","20208","DDX42,DDX5,DDX17,DDX23,DHX8,DHX15,DHX38,DHX16"
"GO:MF","nucleic acid conformation isomerase activity","GO:0120545","false","9.38162405177227e-10","9.027721974449202","174","20","8","20208","DDX42,DDX5,DDX17,DDX23,DHX8,DHX15,DHX38,DHX16"
"GO:MF","macromolecular conformation isomerase activity","GO:0120543","false","6.423949488169937e-8","7.1921978825947726","295","20","8","20208","DDX42,DDX5,DDX17,DDX23,DHX8,DHX15,DHX38,DHX16"
"GO:MF","ATP hydrolysis activity","GO:0016887","false","8.976140461061626e-7","6.046910360077809","412","20","8","20208","DDX42,DDX5,DDX17,DDX23,DHX8,DHX15,DHX38,DHX16"
"GO:MF","catalytic activity, acting on RNA","GO:0140098","false","0.00000106343393751997","5.973289484098511","421","20","8","20208","DDX42,DDX5,DDX17,DDX23,DHX8,DHX15,DHX38,DHX16"
"GO:MF","isomerase activity","GO:0016853","false","0.0000020917654124755077","5.679487022376477","459","20","8","20208","DDX42,DDX5,DDX17,DDX23,DHX8,DHX15,DHX38,DHX16"
"GO:MF","ATP-dependent activity","GO:0140657","false","0.000013608224609138347","4.866198531133851","584","20","8","20208","DDX42,DDX5,DDX17,DDX23,DHX8,DHX15,DHX38,DHX16"
"GO:MF","RNA binding","GO:0003723","true","0.000018948805169091877","4.722418169591948","3099","20","14","20208","DDX42,U2SURP,CDC5L,CRNKL1,SNW1,CWC15,CWC22,DDX5,DDX17,DDX23,DHX8,DHX15,DHX38,DHX16"
"GO:MF","catalytic activity, acting on a nucleic acid","GO:0140640","false","0.00003922778606480775","4.406406201862034","670","20","8","20208","DDX42,DDX5,DDX17,DDX23,DHX8,DHX15,DHX38,DHX16"
"GO:MF","ribonucleoside triphosphate phosphatase activity","GO:0017111","false","0.00008571161070995423","4.066960343471013","742","20","8","20208","DDX42,DDX5,DDX17,DDX23,DHX8,DHX15,DHX38,DHX16"
"GO:MF","pyrophosphatase activity","GO:0016462","false","0.0001564515352375377","3.8056201708244695","803","20","8","20208","DDX42,DDX5,DDX17,DDX23,DHX8,DHX15,DHX38,DHX16"
"GO:MF","hydrolase activity, acting on acid anhydrides","GO:0016817","false","0.00015793790249756675","3.80151363395485","804","20","8","20208","DDX42,DDX5,DDX17,DDX23,DHX8,DHX15,DHX38,DHX16"
"GO:MF","hydrolase activity, acting on acid anhydrides, in phosphorus-containing anhydrides","GO:0016818","false","0.00015793790249756675","3.80151363395485","804","20","8","20208","DDX42,DDX5,DDX17,DDX23,DHX8,DHX15,DHX38,DHX16"
"GO:MF","nucleic acid binding","GO:0003676","false","0.00319437894697528","2.4956135650860056","5437","20","15","20208","DDX42,U2SURP,CDC5L,CRNKL1,SNW1,CWC15,CWC22,ISL1,DDX5,DDX17,DDX23,DHX8,DHX15,DHX38,DHX16"
"GO:MF","ATP binding","GO:0005524","true","0.016358582783942432","1.786254323878263","1504","20","8","20208","DDX42,DDX5,DDX17,DDX23,DHX8,DHX15,DHX38,DHX16"
"GO:MF","adenyl ribonucleotide binding","GO:0032559","false","0.019927412487947188","1.7005490894159419","1546","20","8","20208","DDX42,DDX5,DDX17,DDX23,DHX8,DHX15,DHX38,DHX16"
"GO:MF","adenyl nucleotide binding","GO:0030554","false","0.030343891208903333","1.5179287273662223","1640","20","8","20208","DDX42,DDX5,DDX17,DDX23,DHX8,DHX15,DHX38,DHX16"
"GO:BP","mRNA splicing, via spliceosome","GO:0000398","true","4.946194545131001e-15","14.305728805844664","1693","20","18","20972","DDX42,USP39,CDC5L,PLRG1,PRPF19,BCAS2,CRNKL1,SNW1,CWC15,CWC22,CWC25,DDX5,DDX17,DDX23,DHX8,DHX15,DHX38,DHX16"
"GO:BP","RNA splicing, via transesterification reactions with bulged adenosine as nucleophile","GO:0000377","false","4.946194545131001e-15","14.305728805844664","1693","20","18","20972","DDX42,USP39,CDC5L,PLRG1,PRPF19,BCAS2,CRNKL1,SNW1,CWC15,CWC22,CWC25,DDX5,DDX17,DDX23,DHX8,DHX15,DHX38,DHX16"
"GO:BP","RNA splicing, via transesterification reactions","GO:0000375","false","5.159912441423494e-15","14.287357667855202","1697","20","18","20972","DDX42,USP39,CDC5L,PLRG1,PRPF19,BCAS2,CRNKL1,SNW1,CWC15,CWC22,CWC25,DDX5,DDX17,DDX23,DHX8,DHX15,DHX38,DHX16"
"GO:BP","RNA splicing","GO:0008380","false","2.176856169279472e-14","13.662170265011188","1839","20","18","20972","DDX42,USP39,CDC5L,PLRG1,PRPF19,BCAS2,CRNKL1,SNW1,CWC15,CWC22,CWC25,DDX5,DDX17,DDX23,DHX8,DHX15,DHX38,DHX16"
"GO:BP","mRNA processing","GO:0006397","false","3.551955755006521e-14","13.44953245265588","1890","20","18","20972","DDX42,USP39,CDC5L,PLRG1,PRPF19,BCAS2,CRNKL1,SNW1,CWC15,CWC22,CWC25,DDX5,DDX17,DDX23,DHX8,DHX15,DHX38,DHX16"
"GO:BP","mRNA metabolic process","GO:0016071","false","3.2457872852875697e-13","12.488679945339387","2139","20","18","20972","DDX42,USP39,CDC5L,PLRG1,PRPF19,BCAS2,CRNKL1,SNW1,CWC15,CWC22,CWC25,DDX5,DDX17,DDX23,DHX8,DHX15,DHX38,DHX16"
"GO:BP","RNA processing","GO:0006396","false","1.561594882368916e-11","10.806431622937234","3319","20","19","20972","DDX42,USP39,U2SURP,CDC5L,PLRG1,PRPF19,BCAS2,CRNKL1,SNW1,CWC15,CWC22,CWC25,DDX5,DDX17,DDX23,DHX8,DHX15,DHX38,DHX16"
"GO:BP","RNA biosynthetic process","GO:0032774","false","1.50950495966933e-7","6.821165455709129","6627","20","20","20972","DDX42,USP39,U2SURP,CDC5L,PLRG1,PRPF19,BCAS2,CRNKL1,SNW1,CWC15,CWC22,CWC25,ISL1,DDX5,DDX17,DDX23,DHX8,DHX15,DHX38,DHX16"
"GO:BP","nucleic acid biosynthetic process","GO:0141187","false","2.0866383762456058e-7","6.680552809587689","6735","20","20","20972","DDX42,USP39,U2SURP,CDC5L,PLRG1,PRPF19,BCAS2,CRNKL1,SNW1,CWC15,CWC22,CWC25,ISL1,DDX5,DDX17,DDX23,DHX8,DHX15,DHX38,DHX16"
"GO:BP","RNA metabolic process","GO:0016070","false","2.79494009460834e-7","6.5536274961352845","6834","20","20","20972","DDX42,USP39,U2SURP,CDC5L,PLRG1,PRPF19,BCAS2,CRNKL1,SNW1,CWC15,CWC22,CWC25,ISL1,DDX5,DDX17,DDX23,DHX8,DHX15,DHX38,DHX16"
"GO:BP","nucleobase-containing compound biosynthetic process","GO:0034654","false","4.994599611287731e-7","6.301499320967112","7035","20","20","20972","DDX42,USP39,U2SURP,CDC5L,PLRG1,PRPF19,BCAS2,CRNKL1,SNW1,CWC15,CWC22,CWC25,ISL1,DDX5,DDX17,DDX23,DHX8,DHX15,DHX38,DHX16"
"GO:BP","nucleic acid metabolic process","GO:0090304","false","0.0000013791383147046496","5.8603921759556235","7401","20","20","20972","DDX42,USP39,U2SURP,CDC5L,PLRG1,PRPF19,BCAS2,CRNKL1,SNW1,CWC15,CWC22,CWC25,ISL1,DDX5,DDX17,DDX23,DHX8,DHX15,DHX38,DHX16"
"GO:BP","nucleobase-containing compound metabolic process","GO:0006139","false","0.000005987069279910247","5.22278571634761","7964","20","20","20972","DDX42,USP39,U2SURP,CDC5L,PLRG1,PRPF19,BCAS2,CRNKL1,SNW1,CWC15,CWC22,CWC25,ISL1,DDX5,DDX17,DDX23,DHX8,DHX15,DHX38,DHX16"
"GO:BP","regulation of mRNA splicing, via spliceosome","GO:0048024","false","0.00008624498703753784","4.064266138749828","111","20","5","20972","PRPF19,SNW1,CWC22,DDX5,DDX17"
"GO:BP","gene expression","GO:0010467","false","0.00011532684802035173","3.938069577442776","9232","20","20","20972","DDX42,USP39,U2SURP,CDC5L,PLRG1,PRPF19,BCAS2,CRNKL1,SNW1,CWC15,CWC22,CWC25,ISL1,DDX5,DDX17,DDX23,DHX8,DHX15,DHX38,DHX16"
"GO:BP","regulation of mRNA processing","GO:0050684","false","0.00021345214398517655","3.6706994786381784","133","20","5","20972","PRPF19,SNW1,CWC22,DDX5,DDX17"
"GO:BP","macromolecule biosynthetic process","GO:0009059","false","0.0002548645719118288","3.593690530527389","9605","20","20","20972","DDX42,USP39,U2SURP,CDC5L,PLRG1,PRPF19,BCAS2,CRNKL1,SNW1,CWC15,CWC22,CWC25,ISL1,DDX5,DDX17,DDX23,DHX8,DHX15,DHX38,DHX16"
"GO:BP","regulation of RNA splicing","GO:0043484","false","0.001130625920577208","2.9466810621851094","186","20","5","20972","PRPF19,SNW1,CWC22,DDX5,DDX17"
"GO:BP","biosynthetic process","GO:0009058","false","0.001973396209451301","2.704785710336582","10639","20","20","20972","DDX42,USP39,U2SURP,CDC5L,PLRG1,PRPF19,BCAS2,CRNKL1,SNW1,CWC15,CWC22,CWC25,ISL1,DDX5,DDX17,DDX23,DHX8,DHX15,DHX38,DHX16"
"GO:BP","regulation of mRNA metabolic process","GO:1903311","false","0.01254790902554431","1.901428638671083","304","20","5","20972","PRPF19,SNW1,CWC22,DDX5,DDX17"
"GO:BP","spliceosomal complex assembly","GO:0000245","false","0.019222295403585846","1.716194752901182","332","20","5","20972","DDX42,USP39,PRPF19,CRNKL1,DDX23"
"GO:BP","macromolecule metabolic process","GO:0043170","false","0.01993364359247166","1.700413311059858","11942","20","20","20972","DDX42,USP39,U2SURP,CDC5L,PLRG1,PRPF19,BCAS2,CRNKL1,SNW1,CWC15,CWC22,CWC25,ISL1,DDX5,DDX17,DDX23,DHX8,DHX15,DHX38,DHX16"
"GO:BP","primary metabolic process","GO:0044238","false","0.029106266890983862","1.5360134926928235","12170","20","20","20972","DDX42,USP39,U2SURP,CDC5L,PLRG1,PRPF19,BCAS2,CRNKL1,SNW1,CWC15,CWC22,CWC25,ISL1,DDX5,DDX17,DDX23,DHX8,DHX15,DHX38,DHX16"
"GO:BP","estrogen receptor signaling pathway","GO:0030520","true","0.03110376654999545","1.5071870163483814","56","20","3","20972","ISL1,DDX5,DDX17"
"GO:BP","nuclear receptor-mediated signaling pathway","GO:0141193","true","0.04785400386428664","1.3200817196756358","194","20","4","20972","SNW1,ISL1,DDX5,DDX17"
"GO:CC","spliceosomal complex","GO:0005681","true","2.5292991385149942e-30","29.596999803900495","205","20","17","22155","DDX42,USP39,CDC5L,PLRG1,PRPF19,BCAS2,CRNKL1,SNW1,CWC15,CWC22,CWC25,DDX5,DDX23,DHX8,DHX15,DHX38,DHX16"
"GO:CC","U2-type spliceosomal complex","GO:0005684","false","7.6900113844123645e-25","24.11407301726179","94","20","13","22155","DDX42,CDC5L,PLRG1,PRPF19,BCAS2,CRNKL1,SNW1,CWC15,CWC22,CWC25,DHX8,DHX15,DHX16"
"GO:CC","catalytic step 2 spliceosome","GO:0071013","false","1.4489418758096798e-22","21.838949035868662","88","20","12","22155","CDC5L,PLRG1,PRPF19,BCAS2,CRNKL1,SNW1,CWC15,CWC22,DDX5,DDX23,DHX8,DHX38"
"GO:CC","U2-type catalytic step 2 spliceosome","GO:0071007","false","1.1251266448522927e-19","18.948798590383806","30","20","9","22155","CDC5L,PLRG1,PRPF19,BCAS2,CRNKL1,SNW1,CWC15,CWC22,DHX8"
"GO:CC","nuclear speck","GO:0016607","false","5.472558476212735e-16","15.2618095891459","431","20","13","22155","DDX42,CDC5L,PLRG1,PRPF19,BCAS2,CRNKL1,SNW1,CWC15,CWC22,CWC25,DDX5,DDX17,DHX15"
"GO:CC","nuclear ribonucleoprotein granule","GO:0140168","false","8.084410042151429e-15","14.092351667135018","530","20","13","22155","DDX42,CDC5L,PLRG1,PRPF19,BCAS2,CRNKL1,SNW1,CWC15,CWC22,CWC25,DDX5,DDX17,DHX15"
"GO:CC","ribonucleoprotein complex","GO:1990904","false","1.304481094375855e-14","13.884562210674716","2712","20","19","22155","DDX42,USP39,U2SURP,CDC5L,PLRG1,PRPF19,BCAS2,CRNKL1,SNW1,CWC15,CWC22,CWC25,DDX5,DDX17,DDX23,DHX8,DHX15,DHX38,DHX16"
"GO:CC","Prp19 complex","GO:0000974","false","6.750691392569431e-14","13.170651745302193","13","20","6","22155","CDC5L,PLRG1,PRPF19,BCAS2,CRNKL1,CWC15"
"GO:CC","nuclear body","GO:0016604","false","2.848980401603199e-13","12.545310538301717","940","20","14","22155","DDX42,CDC5L,PLRG1,PRPF19,BCAS2,CRNKL1,SNW1,CWC15,CWC22,CWC25,DDX5,DDX17,DHX8,DHX15"
"GO:CC","nuclear protein-containing complex","GO:0140513","false","9.81281298226821e-13","12.008206478088292","2725","20","18","22155","DDX42,USP39,U2SURP,CDC5L,PLRG1,PRPF19,BCAS2,CRNKL1,SNW1,CWC15,CWC22,CWC25,DDX5,DDX23,DHX8,DHX15,DHX38,DHX16"
"GO:CC","ribonucleoprotein granule","GO:0035770","false","1.0640176933065698e-12","11.973051150197437","773","20","13","22155","DDX42,CDC5L,PLRG1,PRPF19,BCAS2,CRNKL1,SNW1,CWC15,CWC22,CWC25,DDX5,DDX17,DHX15"
"GO:CC","nucleoplasm","GO:0005654","false","9.088811470240301e-11","10.041492905079929","4334","20","19","22155","DDX42,USP39,U2SURP,CDC5L,PLRG1,PRPF19,BCAS2,CRNKL1,SNW1,CWC15,CWC22,CWC25,DDX5,DDX17,DDX23,DHX8,DHX15,DHX38,DHX16"
"GO:CC","nuclear lumen","GO:0031981","false","1.1994171740282012e-8","7.921029736945395","5622","20","19","22155","DDX42,USP39,U2SURP,CDC5L,PLRG1,PRPF19,BCAS2,CRNKL1,SNW1,CWC15,CWC22,CWC25,DDX5,DDX17,DDX23,DHX8,DHX15,DHX38,DHX16"
"GO:CC","catalytic complex","GO:1902494","false","5.348308451150836e-8","7.271783553771722","1814","20","13","22155","CDC5L,PLRG1,PRPF19,BCAS2,CRNKL1,SNW1,CWC15,CWC22,CWC25,DDX5,DDX23,DHX8,DHX38"
"GO:CC","DNA replication factor A complex","GO:0005662","false","5.7422366726789295e-8","7.240918911539925","13","20","4","22155","CDC5L,PLRG1,PRPF19,BCAS2"
"GO:CC","supramolecular complex","GO:0099080","false","1.2179504156359066e-7","6.914370392043088","1938","20","13","22155","DDX42,CDC5L,PLRG1,PRPF19,BCAS2,CRNKL1,SNW1,CWC15,CWC22,CWC25,DDX5,DDX17,DHX15"
"GO:CC","intracellular organelle lumen","GO:0070013","false","4.077426133665717e-7","6.389613897861434","6791","20","19","22155","DDX42,USP39,U2SURP,CDC5L,PLRG1,PRPF19,BCAS2,CRNKL1,SNW1,CWC15,CWC22,CWC25,DDX5,DDX17,DDX23,DHX8,DHX15,DHX38,DHX16"
"GO:CC","organelle lumen","GO:0043233","false","4.077426133665717e-7","6.389613897861434","6791","20","19","22155","DDX42,USP39,U2SURP,CDC5L,PLRG1,PRPF19,BCAS2,CRNKL1,SNW1,CWC15,CWC22,CWC25,DDX5,DDX17,DDX23,DHX8,DHX15,DHX38,DHX16"
"GO:CC","membrane-enclosed lumen","GO:0031974","false","4.077426133665717e-7","6.389613897861434","6791","20","19","22155","DDX42,USP39,U2SURP,CDC5L,PLRG1,PRPF19,BCAS2,CRNKL1,SNW1,CWC15,CWC22,CWC25,DDX5,DDX17,DDX23,DHX8,DHX15,DHX38,DHX16"
"GO:CC","nuclear replisome","GO:0043601","false","5.844262391156384e-7","6.233270293683472","22","20","4","22155","CDC5L,PLRG1,PRPF19,BCAS2"
"GO:CC","replisome","GO:0030894","false","8.479749074867103e-7","6.071616998806131","24","20","4","22155","CDC5L,PLRG1,PRPF19,BCAS2"
"GO:CC","nuclear replication fork","GO:0043596","false","0.000008002485072834726","5.09677512727962","41","20","4","22155","CDC5L,PLRG1,PRPF19,BCAS2"
"GO:CC","protein-containing complex","GO:0032991","false","0.000008126512824672108","5.090095774933821","7979","20","19","22155","DDX42,USP39,U2SURP,CDC5L,PLRG1,PRPF19,BCAS2,CRNKL1,SNW1,CWC15,CWC22,CWC25,DDX5,DDX17,DDX23,DHX8,DHX15,DHX38,DHX16"
"GO:CC","U2-type catalytic step 1 spliceosome","GO:0071006","false","0.00002302347222491907","4.63782917877719","12","20","3","22155","PRPF19,CWC22,CWC25"
"GO:CC","catalytic step 1 spliceosome","GO:0071012","false","0.00002302347222491907","4.63782917877719","12","20","3","22155","PRPF19,CWC22,CWC25"
"GO:CC","nucleus","GO:0005634","false","0.00002762768995288378","4.558655426435518","10153","20","20","22155","DDX42,USP39,U2SURP,CDC5L,PLRG1,PRPF19,BCAS2,CRNKL1,SNW1,CWC15,CWC22,CWC25,ISL1,DDX5,DDX17,DDX23,DHX8,DHX15,DHX38,DHX16"
"GO:CC","replication fork","GO:0005657","false","0.00008920482719895562","4.049611643727624","74","20","4","22155","CDC5L,PLRG1,PRPF19,BCAS2"
"GO:CC","membraneless organelle","GO:0043228","false","0.0025108580711804235","2.6001778355328895","7128","20","16","22155","DDX42,CDC5L,PLRG1,PRPF19,BCAS2,CRNKL1,SNW1,CWC15,CWC22,CWC25,ISL1,DDX5,DDX17,DDX23,DHX8,DHX15"
"GO:CC","intracellular membraneless organelle","GO:0043232","false","0.0025108580711804235","2.6001778355328895","7128","20","16","22155","DDX42,CDC5L,PLRG1,PRPF19,BCAS2,CRNKL1,SNW1,CWC15,CWC22,CWC25,ISL1,DDX5,DDX17,DDX23,DHX8,DHX15"
"GO:CC","post-mRNA release spliceosomal complex","GO:0071014","false","0.007086040722363126","2.149596356173491","11","20","2","22155","CRNKL1,DHX15"
"GO:CC","nuclear chromosome","GO:0000228","false","0.008603416009558471","2.065329076717153","234","20","4","22155","CDC5L,PLRG1,PRPF19,BCAS2"
"GO:CC","protein-DNA complex","GO:0032993","false","0.009493424539748342","2.0225770973265633","240","20","4","22155","CDC5L,PLRG1,PRPF19,BCAS2"
"KEGG","Spliceosome","KEGG:03040","false","7.343152352355858e-26","25.134117461156062","199","18","17","8716","DDX42,USP39,U2SURP,CDC5L,PLRG1,PRPF19,BCAS2,CRNKL1,SNW1,CWC15,CWC25,DDX5,DDX23,DHX8,DHX15,DHX38,DHX16"
"REAC","mRNA Splicing - Major Pathway","REAC:R-HSA-72163","false","1.4971796398598727e-27","26.824726087486436","202","20","18","11056","DDX42,USP39,U2SURP,CDC5L,PLRG1,PRPF19,BCAS2,CRNKL1,SNW1,CWC15,CWC22,CWC25,DDX5,DDX23,DHX8,DHX15,DHX38,DHX16"
"REAC","mRNA Splicing","REAC:R-HSA-72172","false","2.8362067538750782e-27","26.547262113124322","209","20","18","11056","DDX42,USP39,U2SURP,CDC5L,PLRG1,PRPF19,BCAS2,CRNKL1,SNW1,CWC15,CWC22,CWC25,DDX5,DDX23,DHX8,DHX15,DHX38,DHX16"
"REAC","Processing of Capped Intron-Containing Pre-mRNA","REAC:R-HSA-72203","false","5.041528931484196e-25","24.29743773621105","276","20","18","11056","DDX42,USP39,U2SURP,CDC5L,PLRG1,PRPF19,BCAS2,CRNKL1,SNW1,CWC15,CWC22,CWC25,DDX5,DDX23,DHX8,DHX15,DHX38,DHX16"
"REAC","Metabolism of RNA","REAC:R-HSA-8953854","false","1.609749337333757e-17","16.793241745016612","710","20","18","11056","DDX42,USP39,U2SURP,CDC5L,PLRG1,PRPF19,BCAS2,CRNKL1,SNW1,CWC15,CWC22,CWC25,DDX5,DDX23,DHX8,DHX15,DHX38,DHX16"
"WP","22q11 2 distal CNV","WP:WP5546","false","8.8010515698776e-8","7.055465434246326","139","14","7","8899","CDC5L,PLRG1,CRNKL1,SNW1,CWC15,CWC22,DHX16"
"WP","mRNA processing","WP:WP411","false","0.004951930874873526","2.3052254263608223","126","14","4","8899","DHX8,DHX15,DHX38,DHX16"
"TF","Factor: Elf-1; motif: NANGCGGAAGTR; match class: 1","TF:M11452_1","false","0.03968600232330111","1.4013626465292761","1762","20","9","20093","U2SURP,PRPF19,CRNKL1,SNW1,CWC15,CWC25,DHX8,DHX15,DHX38"
"HPA","Vagina; squamous epithelial cells[High]","HPA:0620223","false","0.00003683846945257402","4.433698421963508","1140","18","11","11007","DDX42,USP39,U2SURP,PLRG1,PRPF19,SNW1,CWC22,CWC25,DDX5,DDX23,DHX16"
"HPA","Lung; alveolar cells type I[≥Medium]","HPA:0301362","false","0.000042893502799761655","4.36760848664758","886","18","10","11007","USP39,U2SURP,CDC5L,PLRG1,PRPF19,BCAS2,SNW1,CWC25,DDX17,DHX16"
"HPA","Cervix; glandular cells[High]","HPA:0630053","false","0.00005301422122559713","4.2756076139589","1181","18","11","11007","DDX42,USP39,U2SURP,PLRG1,PRPF19,SNW1,CWC22,CWC25,DDX5,DDX23,DHX16"
"HPA","Thyroid gland; glandular cells[High]","HPA:0590053","false","0.000060675695362985424","4.216985237813052","1880","18","13","11007","DDX42,USP39,U2SURP,CDC5L,PLRG1,PRPF19,SNW1,CWC15,CWC22,CWC25,DDX5,DDX23,DHX16"
"HPA","Cervix; squamous epithelial cells[High]","HPA:0630223","false","0.00018550489707069886","3.7316446211286665","1036","18","10","11007","USP39,U2SURP,PLRG1,PRPF19,SNW1,CWC22,CWC25,DDX5,DDX23,DHX16"
"HPA","Lung; alveolar cells type I[≥Low]","HPA:0301361","false","0.0002972192191314613","3.526923111153485","1090","18","10","11007","USP39,U2SURP,CDC5L,PLRG1,PRPF19,BCAS2,SNW1,CWC25,DDX17,DHX16"
"HPA","Nasopharynx; respiratory epithelial cells[High]","HPA:0320103","false","0.00036980312304287443","3.43202942547928","1784","18","12","11007","DDX42,USP39,U2SURP,CDC5L,PLRG1,PRPF19,SNW1,CWC15,CWC25,DDX17,DDX23,DHX16"
"HPA","Smooth muscle; smooth muscle cells[High]","HPA:0490693","false","0.0004199756317396769","3.376775907954516","620","18","8","11007","PLRG1,PRPF19,SNW1,CWC15,CWC22,CWC25,DDX23,DHX16"
"HPA","Cerebral cortex; glial cells[≥Medium]","HPA:0100122","false","0.00045826254479826767","3.338885637523208","2683","18","14","11007","DDX42,USP39,U2SURP,CDC5L,PLRG1,PRPF19,SNW1,CWC15,CWC22,CWC25,DDX5,DDX23,DHX8,DHX16"
"HPA","Bronchus; respiratory epithelial cells[High]","HPA:0060103","false","0.0004831403160622566","3.3159267209220475","1828","18","12","11007","DDX42,USP39,U2SURP,CDC5L,PLRG1,PRPF19,SNW1,CWC15,CWC22,CWC25,DDX23,DHX16"
"HPA","Testis; spermatogonia cells[High]","HPA:0570813","false","0.00048572822204521375","3.313606662179784","1468","18","11","11007","USP39,U2SURP,CDC5L,PLRG1,PRPF19,BCAS2,SNW1,CWC15,CWC25,DDX5,DHX16"
"HPA","Cerebral cortex; neuronal cells[High]","HPA:0100133","false","0.000541061048277191","3.2667537303941296","1847","18","12","11007","DDX42,USP39,U2SURP,CDC5L,PLRG1,PRPF19,SNW1,CWC22,CWC25,DDX5,DDX23,DHX16"
"HPA","Lung; alveolar cells type II[≥Medium]","HPA:0301372","false","0.0009235229059188025","3.0345523283874973","1233","18","10","11007","USP39,U2SURP,CDC5L,PLRG1,PRPF19,BCAS2,SNW1,CWC25,DDX17,DHX16"
"HPA","Gallbladder; glandular cells[High]","HPA:0220053","false","0.0010765497111069773","2.9679659112552774","2868","18","14","11007","DDX42,USP39,U2SURP,CDC5L,PLRG1,PRPF19,SNW1,CWC15,CWC22,CWC25,DDX5,DDX23,DHX8,DHX16"
"HPA","Esophagus; squamous epithelial cells[High]","HPA:0190223","false","0.0016010030427657876","2.7956078426871116","1654","18","11","11007","USP39,U2SURP,CDC5L,PLRG1,PRPF19,SNW1,CWC22,CWC25,DDX5,DDX23,DHX16"
"HPA","Ovary; ovarian stroma cells[≥Medium]","HPA:0340462","false","0.0018185910071089229","2.740264960819738","2065","18","12","11007","U2SURP,CDC5L,PLRG1,PRPF19,SNW1,CWC22,CWC25,DDX5,DDX17,DDX23,DHX8,DHX16"
"HPA","Cerebral cortex; glial cells[≥Low]","HPA:0100121","false","0.0019150648103518529","2.717816523887579","4921","18","17","11007","DDX42,USP39,U2SURP,CDC5L,PLRG1,PRPF19,BCAS2,SNW1,CWC15,CWC22,CWC25,ISL1,DDX5,DDX17,DDX23,DHX8,DHX16"
"HPA","Kidney; cells in glomeruli[≥Medium]","HPA:0270352","false","0.0027273663099864976","2.564256528460295","3086","18","14","11007","DDX42,USP39,U2SURP,CDC5L,PLRG1,PRPF19,SNW1,CWC15,CWC22,CWC25,DDX5,DDX23,DHX8,DHX16"
"HPA","Smooth muscle; smooth muscle cells[≥Medium]","HPA:0490692","false","0.003195309091925098","2.495487124853096","3125","18","14","11007","DDX42,USP39,U2SURP,CDC5L,PLRG1,PRPF19,SNW1,CWC15,CWC22,CWC25,DDX5,DDX17,DDX23,DHX16"
"HPA","Skin 1; melanocytes[≥Medium]","HPA:0460672","false","0.003404254431764428","2.4679779884870023","3704","18","15","11007","DDX42,USP39,U2SURP,CDC5L,PLRG1,PRPF19,BCAS2,SNW1,CWC22,CWC25,DDX5,DDX17,DDX23,DHX8,DHX16"
"HPA","Ovary; follicle cells[≥Medium]","HPA:0340452","false","0.004518105291503602","2.345043652347445","2248","18","12","11007","DDX42,U2SURP,PRPF19,BCAS2,SNW1,CWC15,CWC22,CWC25,DDX5,DDX17,DHX8,DHX15"
"HPA","Epididymis; glandular cells[High]","HPA:0180053","false","0.004623028528281528","2.3350734265625634","1842","18","11","11007","USP39,U2SURP,CDC5L,PLRG1,PRPF19,SNW1,CWC22,CWC25,DDX5,DDX23,DHX16"
"HPA","Cerebellum; cells in molecular layer[≥Medium]","HPA:0090192","false","0.006528960213049665","2.185155977942578","2792","18","13","11007","DDX42,U2SURP,CDC5L,PLRG1,PRPF19,BCAS2,SNW1,CWC22,CWC25,ISL1,DDX5,DDX23,DHX16"
"HPA","Lung; alveolar cells type II[≥Low]","HPA:0301371","false","0.00657636468735366","2.1820141113266187","1533","18","10","11007","USP39,U2SURP,CDC5L,PLRG1,PRPF19,BCAS2,SNW1,CWC25,DDX17,DHX16"
"HPA","Placenta; decidual cells[High]","HPA:0380513","false","0.006873140188103513","2.162844797906904","1203","18","9","11007","DDX42,USP39,CDC5L,PLRG1,PRPF19,CWC25,DDX5,DDX17,DHX16"
"HPA","Cerebellum; cells in molecular layer[High]","HPA:0090193","false","0.007632459556913147","2.117335488274762","918","18","8","11007","U2SURP,CDC5L,PLRG1,PRPF19,SNW1,CWC22,DDX5,DDX23"
"HPA","Ovary","HPA:0340000","false","0.00943120141011842","2.025432980375026","5429","18","17","11007","DDX42,USP39,U2SURP,CDC5L,PLRG1,PRPF19,BCAS2,SNW1,CWC15,CWC22,CWC25,DDX5,DDX17,DDX23,DHX8,DHX15,DHX16"
"HPA","Urinary bladder; urothelial cells[High]","HPA:0610833","false","0.012147359179016309","1.915518126891887","2035","18","11","11007","USP39,U2SURP,CDC5L,PRPF19,SNW1,CWC22,CWC25,DDX5,DDX17,DDX23,DHX16"
"HPA","Fallopian tube; glandular cells[High]","HPA:0210053","false","0.012457491167836185","1.9045694120647014","1648","18","10","11007","USP39,U2SURP,CDC5L,PLRG1,PRPF19,SNW1,CWC22,CWC25,DDX23,DHX16"
"HPA","Tonsil; germinal center cells[≥Medium]","HPA:0600432","false","0.013384609460843052","1.8733942962346317","4098","18","15","11007","DDX42,USP39,U2SURP,CDC5L,PLRG1,PRPF19,BCAS2,SNW1,CWC15,CWC22,CWC25,DDX5,DDX17,DDX23,DHX16"
"HPA","Appendix; lymphoid tissue[≥Medium]","HPA:0030072","false","0.014286520237035808","1.8450735392905606","2990","18","13","11007","DDX42,USP39,U2SURP,CDC5L,PLRG1,PRPF19,BCAS2,SNW1,CWC22,CWC25,DDX23,DHX8,DHX16"
"HPA","Thyroid gland; glandular cells[≥Medium]","HPA:0590052","false","0.015197243280186491","1.8182351842119924","5592","18","17","11007","DDX42,USP39,U2SURP,CDC5L,PLRG1,PRPF19,BCAS2,SNW1,CWC15,CWC22,CWC25,ISL1,DDX5,DDX17,DDX23,DHX8,DHX16"
"HPA","Testis; sertoli cells[≥Low]","HPA:0570801","false","0.01609378882887847","1.7933417014715032","2536","18","12","11007","USP39,U2SURP,CDC5L,PLRG1,PRPF19,BCAS2,SNW1,CWC15,CWC25,DDX5,DDX17,DHX16"
"HPA","Breast; glandular cells[High]","HPA:0050053","false","0.017168860846847166","1.7652585193027144","1349","18","9","11007","USP39,U2SURP,PLRG1,PRPF19,SNW1,CWC22,CWC25,DDX5,DDX23"
"HPA","Lung; alveolar cells type I[High]","HPA:0301363","false","0.017367141744278662","1.7602716511458567","506","18","6","11007","USP39,U2SURP,PRPF19,SNW1,DDX17,DHX16"
"HPA","Rectum; glandular cells[High]","HPA:0400053","false","0.01901677186949435","1.7208632033949909","2577","18","12","11007","DDX42,USP39,U2SURP,CDC5L,PRPF19,SNW1,CWC15,CWC22,CWC25,DDX17,DDX23,DHX16"
"HPA","Tonsil; squamous epithelial cells[≥Medium]","HPA:0600222","false","0.022207359958026973","1.6535030679175435","4936","18","16","11007","DDX42,USP39,U2SURP,CDC5L,PLRG1,PRPF19,BCAS2,SNW1,CWC15,CWC22,CWC25,DDX5,DDX17,DDX23,DHX8,DHX16"
"HPA","Cerebral cortex; neuronal cells[≥Medium]","HPA:0100132","false","0.0255670407530324","1.592319536306959","4984","18","16","11007","DDX42,USP39,U2SURP,CDC5L,PLRG1,PRPF19,BCAS2,SNW1,CWC15,CWC22,CWC25,DDX5,DDX17,DDX23,DHX8,DHX16"
"HPA","Endometrium 2; cells in endometrial stroma[≥Medium]","HPA:0170252","false","0.027525193575813473","1.5602696180923776","1805","18","10","11007","USP39,U2SURP,PLRG1,PRPF19,SNW1,CWC22,CWC25,DDX5,DDX23,DHX16"
"HPA","Cervix; squamous epithelial cells[≥Medium]","HPA:0630222","false","0.028420005168390633","1.54637584742884","3727","18","14","11007","USP39,U2SURP,CDC5L,PLRG1,PRPF19,BCAS2,SNW1,CWC15,CWC22,CWC25,DDX5,DDX17,DDX23,DHX16"
"HPA","Esophagus; squamous epithelial cells[≥Medium]","HPA:0190222","false","0.030951624135792322","1.5093165571541696","5050","18","16","11007","DDX42,USP39,U2SURP,CDC5L,PLRG1,PRPF19,BCAS2,SNW1,CWC15,CWC22,CWC25,DDX5,DDX17,DDX23,DHX8,DHX16"
"HPA","Soft tissue 1; fibroblasts[≥Medium]","HPA:0500652","false","0.03372957531664614","1.4719891269044316","2724","18","12","11007","DDX42,USP39,U2SURP,PLRG1,PRPF19,SNW1,CWC22,CWC25,DDX5,DDX23,DHX8,DHX16"
"HPA","Endometrium 1; glandular cells[High]","HPA:0160053","false","0.034473620750877176","1.4625131004172527","1474","18","9","11007","USP39,CDC5L,PLRG1,PRPF19,SNW1,CWC22,DDX5,DDX23,DHX16"
"HPA","Seminal vesicle; glandular cells[High]","HPA:0430053","false","0.034473620750877176","1.4625131004172527","1474","18","9","11007","U2SURP,CDC5L,PLRG1,PRPF19,SNW1,CWC22,CWC25,DDX23,DHX16"
"HPA","Endometrium 2; cells in endometrial stroma[High]","HPA:0170253","false","0.035034500013147396","1.4555040760605311","358","18","5","11007","PLRG1,SNW1,CWC25,DDX23,DHX16"
"HPA","Adrenal gland; glandular cells[High]","HPA:0020053","false","0.03641113145193811","1.4387658254412699","2284","18","11","11007","DDX42,USP39,U2SURP,CDC5L,PLRG1,PRPF19,SNW1,CWC22,CWC25,DDX5,DHX16"
"HPA","Breast; adipocytes[≥Medium]","HPA:0050012","false","0.03750227653102473","1.4259423681428718","1490","18","9","11007","DDX42,U2SURP,PLRG1,PRPF19,SNW1,CWC22,DDX5,DDX23,DHX16"
"HPA","Cerebellum; cells in molecular layer[≥Low]","HPA:0090191","false","0.04059358887791081","1.391542551023891","4454","18","15","11007","DDX42,USP39,U2SURP,CDC5L,PLRG1,PRPF19,BCAS2,SNW1,CWC22,CWC25,ISL1,DDX5,DDX23,DHX8,DHX16"
"HPA","Caudate","HPA:0080000","false","0.04159857991468599","1.3809214949920694","6952","18","18","11007","DDX42,USP39,U2SURP,CDC5L,PLRG1,PRPF19,BCAS2,SNW1,CWC15,CWC22,CWC25,ISL1,DDX5,DDX17,DDX23,DHX8,DHX15,DHX16"
"HPA","Caudate; glial cells[≥Medium]","HPA:0080122","false","0.04199729805670313","1.3767786495261638","2319","18","11","11007","DDX42,CDC5L,PLRG1,PRPF19,BCAS2,SNW1,CWC22,ISL1,DDX5,DDX23,DHX16"
"HPA","Tonsil; germinal center cells[≥Low]","HPA:0600431","false","0.04504408061145287","1.3463622729799385","5984","18","17","11007","DDX42,USP39,U2SURP,CDC5L,PLRG1,PRPF19,BCAS2,SNW1,CWC15,CWC22,CWC25,DDX5,DDX17,DDX23,DHX8,DHX15,DHX16"
"HPA","Skeletal muscle; myocytes[High]","HPA:0440343","false","0.04715195149770478","1.3265003282257841","876","18","7","11007","PLRG1,PRPF19,SNW1,CWC22,CWC25,DDX23,DHX16"
"HPA","Placenta; trophoblastic cells[High]","HPA:0380523","false","0.049559563719454594","1.3048725254409987","1933","18","10","11007","DDX42,USP39,CDC5L,PLRG1,PRPF19,CWC22,CWC25,DDX5,DDX23,DHX16"
"CORUM","Spliceosome","CORUM:351","false","9.711657352158223e-21","20.01270664882772","138","18","17","3383","USP39,U2SURP,CDC5L,PLRG1,PRPF19,BCAS2,CRNKL1,SNW1,CWC15,CWC22,DDX5,DDX17,DDX23,DHX8,DHX15,DHX38,DHX16"
"CORUM","C complex spliceosome","CORUM:1181","false","7.1508689607137e-12","11.145641180309065","77","18","11","3383","CDC5L,PLRG1,PRPF19,CRNKL1,SNW1,CWC15,CWC22,DDX5,DDX23,DHX8,DHX38"
"CORUM","CDC5L core complex","CORUM:1182","false","0.0000017494571861322903","5.757096681391428","5","18","4","3383","CDC5L,PLRG1,PRPF19,BCAS2"
"CORUM","CDC5L complex","CORUM:1183","false","0.00008942643102460986","4.048534101432066","26","18","5","3383","CDC5L,PLRG1,PRPF19,BCAS2,CWC15"
"CORUM","SNW1 complex","CORUM:1335","false","0.03458086177184715","1.461164188098116","15","18","3","3383","CDC5L,SNW1,DDX23"
